# Revision 0.1,25-Oct-18,Initial release,,,,,,,,,
# Revision 1.01,18-Apr-19,Update the QFN72 package with pin 73 as ePAD,,,,,,,,,
,,,,,,,,,,,
PAD,Pin/Ball Function,BANK,Dual Function,Differential,High Speed,,I/O Grouping,QFN72,CABGA256,CABGA400,CABGA484
1,NC,-,-,-,-,,-,-,-,-,-
2,PL2A,5,-,True_OF_PL2B,-,,0,-,-,C4,D3
3,GND,-,-,-,-,,-,-,-,-,-
4,PL2B,5,-,Comp_OF_PL2A,-,,1,-,-,C3,D4
5,PL2C,5,-,True_OF_PL2D,-,,1,-,B1,F6,F6
6,VCCIO5,5,-,-,-,,-,-,-,-,-
7,PL2D,5,-,Comp_OF_PL2C,-,,1,-,C2,G6,G7
8,PL3A,5,L_GPLLT_FB,True_OF_PL3B,-,,1,-,D3,C2,E4
9,GND,-,-,-,-,,-,-,-,-,-
10,PL3B,5,L_GPLLC_FB,Comp_OF_PL3A,-,,2,-,D1,C1,F5
11,PL3C,5,-,True_OF_PL3D,-,,2,-,-,E4,G6
12,VCC,-,-,-,-,,-,-,-,-,-
13,PL3D,5,-,Comp_OF_PL3C,-,,2,-,-,E3,H7
14,PL4A,5,L_GPLLT_IN,True_OF_PL4B,-,,2,-,E2,D2,C1
15,NC,-,-,-,-,,-,-,-,-,-
16,PL4B,5,L_GPLLC_IN,Comp_OF_PL4A,-,,2,-,E3,D1,D2
17,PL4C,5,-,True_OF_PL4D,-,,2,-,C1,F5,G5
18,VCCIO5,5,-,-,-,,-,-,-,-,-
19,PL4D,5,-,Comp_OF_PL4C,-,,2,-,D2,G5,H6
20,PL5A,5,-,True_OF_PL5B,-,,2,-,-,-,D1
21,NC,-,-,-,-,,-,-,-,-,-
22,PL5B,5,-,Comp_OF_PL5A,-,,2,-,-,-,E2
23,PL5C,5,-,True_OF_PL5D,-,,2,-,-,H6,E3
24,VCCIO5,5,-,-,-,,-,-,-,-,-
25,PL5D,5,-,Comp_OF_PL5C,-,,2,-,-,H7,F4
26,PL6A,5,-,True_OF_PL6B,-,,2,-,-,F4,E1
27,GND,-,-,-,-,,-,-,-,-,-
28,PL6B,5,-,Comp_OF_PL6A,-,,3,-,-,F3,F1
29,PL6C,5,-,True_OF_PL6D,-,,3,-,-,-,G3
30,GND,-,-,-,-,,-,-,-,-,-
31,PL6D,5,-,Comp_OF_PL6C,-,,3,-,-,-,G4
32,PL7A,5,PCLKT5_0,True_OF_PL7B,-,,3,-,E1,E2,G2
33,VCCIO5,5,-,-,-,,-,-,-,-,-
34,PL7B,5,PCLKC5_0,Comp_OF_PL7A,-,,3,-,F2,E1,G1
35,PL7C,5,-,True_OF_PL7D,-,,3,-,F4,F2,H4
36,GND,-,-,-,-,,-,-,-,-,-
37,PL7D,5,-,Comp_OF_PL7C,-,,4,-,G6,F1,H3
38,PL10A,5,-,True_OF_PL10B,-,,4,-,-,G4,H2
39,GND,-,-,-,-,,-,-,-,-,-
40,PL10B,5,-,Comp_OF_PL10A,-,,4,-,-,G3,H1
41,PL10C,5,-,True_OF_PL10D,-,,4,-,G5,H3,J7
42,VCCIO5,5,-,-,-,,-,-,-,-,-
43,PL10D,5,-,Comp_OF_PL10C,-,,4,-,G4,H4,J6
44,PL11A,5,-,True_OF_PL11B,-,,4,-,F3,G2,H5
45,GND,-,-,-,-,,-,-,-,-,-
46,PL11B,5,-,Comp_OF_PL11A,-,,5,-,F1,G1,J5
47,PL11C,5,-,True_OF_PL11D,-,,5,-,-,J6,J4
48,VCC,-,-,-,-,,-,-,-,-,-
49,PL11D,5,-,Comp_OF_PL11C,-,,5,-,-,J5,J3
50,PL12A,5,-,True_OF_PL12B,-,,5,-,G2,H2,J2
51,VCC,-,-,-,-,,-,-,-,-,-
52,PL12B,5,-,Comp_OF_PL12A,-,,5,-,G3,H1,J1
53,PL12C,5,-,True_OF_PL12D,-,,5,-,F5,J4,K7
54,VCCIO5,5,-,-,-,,-,-,-,-,-
55,PL12D,5,-,Comp_OF_PL12C,-,,5,-,H6,J3,K6
56,PL13A,4,-,True_OF_PL13B,-,,5,-,G1,J2,L7
57,VCCIO4,4,-,-,-,,-,-,-,-,-
58,PL13B,4,-,Comp_OF_PL13A,-,,5,-,H2,J1,K5
59,PL13C,4,-,True_OF_PL13D,-,,5,-,H4,K5,K4
60,GND,-,-,-,-,,-,-,-,-,-
61,PL13D,4,-,Comp_OF_PL13C,-,,6,-,J6,K4,K3
62,PL14A,4,-,True_OF_PL14B,-,,6,-,H3,K2,K2
63,VCCIO4,4,-,-,-,,-,-,-,-,-
64,NC,-,-,-,-,,-,-,-,-,-
65,PL14C,4,-,True_OF_PL14D,-,,6,-,-,K6,L6
66,VCC,-,-,-,-,,-,-,-,-,-
67,PL14B,4,-,Comp_OF_PL14A,-,,6,-,H1,K1,K1
68,PL14D,4,-,Comp_OF_PL14C,-,,6,-,-,K7,L5
69,GND,-,-,-,-,,-,-,-,-,-
70,PL16A,4,PCLKT4_0,True_OF_PL16B,-,,7,-,J1,L1,L1
71,PL16B,4,PCLKC4_0,Comp_OF_PL16A,-,,7,-,J3,L2,M2
72,PL16C,4,-,True_OF_PL16D,-,,7,-,-,L3,L3
73,NC,-,-,-,-,,-,-,-,-,-
74,PL16D,4,-,Comp_OF_PL16C,-,,7,-,-,L4,L4
75,PL17A,4,-,True_OF_PL17B,-,,7,-,J2,M1,M1
76,VCCIO4,4,-,-,-,,-,-,-,-,-
77,PL17B,4,-,Comp_OF_PL17A,-,,7,-,K1,M2,N1
78,PL17C,4,-,True_OF_PL17D,-,,7,-,H5,M3,M6
79,VCC,-,-,-,-,,-,-,-,-,-
80,PL17D,4,-,Comp_OF_PL17C,-,,7,-,J4,M4,M5
81,PL18A,4,-,True_OF_PL18B,-,,7,-,-,L5,N2
82,NC,-,-,-,-,,-,-,-,-,-
83,PL18B,4,-,Comp_OF_PL18A,-,,7,-,-,M5,P1
84,PL18C,4,-,True_OF_PL18D,-,,7,-,J5,L6,N3
85,GND,-,-,-,-,,-,-,-,-,-
86,PL18D,4,-,Comp_OF_PL18C,-,,8,-,K6,L7,N4
87,PL19A,4,-,True_OF_PL19B,-,,8,-,K3,N1,P2
88,GND,-,-,-,-,,-,-,-,-,-
89,PL19B,4,-,Comp_OF_PL19A,-,,8,-,K2,N2,R1
90,PL19C,4,-,True_OF_PL19D,-,,8,-,-,P1,P3
91,VCCIO4,4,-,-,-,,-,-,-,-,-
92,PL19D,4,-,Comp_OF_PL19C,-,,8,-,-,P2,M7
93,PL20A,3,-,True_OF_PL20B,-,,8,-,-,N3,P4
94,GND,-,-,-,-,,-,-,-,-,-
95,PL20B,3,-,Comp_OF_PL20A,-,,9,-,-,N4,N5
96,PL20C,3,-,True_OF_PL20D,-,,9,-,-,M6,N6
97,VCCIO3,3,-,-,-,,-,-,-,-,-
98,PL20D,3,-,Comp_OF_PL20C,-,,9,-,-,M7,N7
99,PL21A,3,-,True_OF_PL21B,-,,9,-,-,-,R2
100,VCCIO3,3,-,-,-,,-,-,-,-,-
101,PL21B,3,-,Comp_OF_PL21A,-,,9,-,-,-,T1
102,PL21C,3,-,True_OF_PL21D,-,,9,-,K4,R1,P5
103,GND,-,-,-,-,,-,-,-,-,-
104,PL21D,3,-,Comp_OF_PL21C,-,,10,-,L5,R2,P6
105,PL24A,3,-,True_OF_PL24B,-,,10,-,-,-,R3
106,GND,-,-,-,-,,-,-,-,-,-
107,PL24B,3,-,Comp_OF_PL24A,-,,10,-,-,-,R4
108,PL24C,3,-,True_OF_PL24D,-,,10,-,-,-,R5
109,VCC,-,-,-,-,,-,-,-,-,-
110,PL24D,3,-,Comp_OF_PL24C,-,,10,-,-,-,P7
111,PL25A,3,I3C,True_OF_PL25B,-,,10,6,L1,P3,T2
112,GND,-,-,-,-,,-,-,-,-,-
113,PL25B,3,I3C,Comp_OF_PL25A,-,,11,7,L3,P4,U1
114,PL25C,3,-,True_OF_PL25D,-,,11,-,-,-,R6
115,VCCIO3,3,-,-,-,,-,-,-,-,-
116,PL25D,3,-,Comp_OF_PL25C,-,,11,-,-,-,R7
117,PL26A,3,-,True_OF_PL26B,-,,11,-,-,T1,T3
118,VCCIO3,3,-,-,-,,-,-,-,-,-
119,PL26B,3,-,Comp_OF_PL26A,-,,11,-,-,T2,T4
120,PL26C,3,-,True_OF_PL26D,-,,11,-,K5,N5,T5
121,VCC,-,-,-,-,,-,-,-,-,-
122,PL26D,3,-,Comp_OF_PL26C,-,,11,-,L4,N6,T6
123,PL27A,3,PCLKT3_0,True_OF_PL27B,-,,11,8,L2,U1,U2
124,VCC,-,-,-,-,,-,-,-,-,-
125,PL27B,3,PCLKC3_0,Comp_OF_PL27A,-,,11,9,M1,U2,V1
126,PL27C,3,-,True_OF_PL27D,-,,11,-,-,R3,U3
127,GND,-,-,-,-,,-,-,-,-,-
128,PL27D,3,-,Comp_OF_PL27C,-,,12,-,-,R4,U4
129,PL28A,3,-,True_OF_PL28B,-,,12,-,-,T3,W1
130,GND,-,-,-,-,,-,-,-,-,-
131,PL28B,3,-,Comp_OF_PL28A,-,,12,-,-,T4,W2
132,PL28C,3,-,True_OF_PL28D,-,,12,-,N2,V1,V4
133,VCCIO3,3,-,-,-,,-,-,-,-,-
134,PL28D,3,-,Comp_OF_PL28C,-,,12,-,P1,V2,U5
135,PL29A,3,I3C,True_OF_PL29B,-,,12,10,M3,V3,Y1
136,VCC,-,-,-,-,,-,-,-,-,-
137,PL29B,3,I3C,Comp_OF_PL29A,-,,12,11,N1,V4,AA1
138,PL29C,3,-,True_OF_PL29D,-,,12,-,-,P5,W3
139,GND,-,-,-,-,,-,-,-,-,-
140,PL29D,3,-,Comp_OF_PL29C,-,,13,-,-,P6,Y2
141,PL30A,3,I3C,True_OF_PL30B,-,,13,12,M2,T5,Y3
142,VCCIO3,3,-,-,-,,-,-,-,-,-
143,PL30B,3,I3C,Comp_OF_PL30A,-,,13,13,N3,R5,W4
144,PL30C,3,-,True_OF_PL30D,-,,13,14,R1,U4,V5
145,GND,-,-,-,-,,-,-,-,-,-
146,PL30D,3,-,Comp_OF_PL30C,-,,14,-,P2,U5,T7
147,VCC,-,-,-,-,,-,-,-,-,-
148,NC,-,-,-,-,,-,-,-,-,-
149,VCCIO2,2,-,-,-,,-,-,-,-,-
150,PB5A,2,-,True_OF_PB5B,-,,14,-,P4,W1,AA2
151,GND,-,-,-,-,,-,-,-,-,-
152,PB5B,2,-,Comp_OF_PB5A,-,,15,-,T4,Y1,AB2
153,PB5C,2,-,True_OF_PB5D,-,,15,-,T2,R6,V6
154,VCCIO2,2,-,-,-,,-,-,-,-,-
155,PB5D,2,-,Comp_OF_PB5C,-,,15,-,R3,T6,U6
156,NC,-,-,-,-,,-,-,-,-,-
157,PB7A,2,CSSPIN,True_OF_PB7B,-,,15,16,R5,W2,AA3
158,GND,-,-,-,-,,-,-,-,-,-
159,PB7B,2,-,Comp_OF_PB7A,-,,16,17,P5,Y2,AB3
160,PB7C,2,-,True_OF_PB7D,-,,16,-,-,P7,Y4
161,VCC,-,-,-,-,,-,-,-,-,-
162,PB7D,2,-,Comp_OF_PB7C,-,,16,-,-,R7,W5
163,PB8C,2,-,True_OF_PB8D,-,,16,-,-,V6,U7
164,VCC,-,-,-,-,,-,-,-,-,-
165,PB8D,2,-,Comp_OF_PB8C,-,,16,-,-,U6,T8
166,PB8A,2,-,True_OF_PB8B,-,,16,-,T3,W3,AA4
167,VCCIO2,2,-,-,-,,-,-,-,-,-
168,PB8B,2,-,Comp_OF_PB8A,-,,16,-,R4,Y3,AB4
169,PB10A,2,-,True_OF_PB10B,-,,16,-,T5,W4,AA5
170,GND,-,-,-,-,,-,-,-,-,-
171,PB10B,2,-,Comp_OF_PB10A,-,,17,-,R6,Y4,AB5
172,PB10C,2,-,True_OF_PB10D,-,,17,-,-,P8,Y5
173,GND,-,-,-,-,,-,-,-,-,-
174,PB10D,2,-,Comp_OF_PB10C,-,,17,-,-,R8,Y6
175,PB11A,2,-,True_OF_PB11B,-,,17,-,-,-,AA6
176,VCCIO2,2,-,-,-,,-,-,-,-,-
177,PB11B,2,-,Comp_OF_PB11A,-,,17,-,-,-,AB6
178,PB11C,2,-,True_OF_PB11D,-,,17,-,-,-,W6
179,GND,-,-,-,-,,-,-,-,-,-
180,PB11D,2,-,Comp_OF_PB11C,-,,17,-,-,-,V7
181,PB13C,2,-,True_OF_PB13D,-,,17,-,-,T7,V8
182,VCCIO2,2,-,-,-,,-,-,-,-,-
183,PB13D,2,-,Comp_OF_PB13C,-,,17,-,-,T8,U8
184,PB13A,2,-,True_OF_PB13B,-,,17,-,N6,W5,AA7
185,VCCIO2,2,-,-,-,,-,-,-,-,-
186,PB13B,2,-,Comp_OF_PB13A,-,,17,-,L7,Y5,AB7
187,NC,-,-,-,-,,-,-,-,-,-
188,PB16A,2,MCLK/CCLK,True_OF_PB16B,-,,17,19,P6,W6,T9
189,GND,-,-,-,-,,-,-,-,-,-
190,PB16B,2,SO/SPISO,Comp_OF_PB16A,-,,18,20,T6,Y6,U9
191,PB16C,2,-,True_OF_PB16D,-,,18,-,-,P9,V9
192,NC,-,-,-,-,,-,-,-,-,-
193,GND,-,-,-,-,,-,-,-,-,-
194,PB16D,2,-,Comp_OF_PB16C,-,,19,-,-,R9,W8
195,PB18A,2,-,True_OF_PB18B,-,,19,21,R7,W7,AA8
196,VCC,-,-,-,-,,-,-,-,-,-
197,PB18B,2,-,Comp_OF_PB18A,-,,19,22,P7,Y7,AB8
198,PB18C,2,-,True_OF_PB18D,-,,19,-,M7,V8,Y8
199,VCC,-,-,-,-,,-,-,-,-,-
200,PB18D,2,-,Comp_OF_PB18C,-,,19,-,N7,U9,W9
201,PB19A,2,-,True_OF_PB19B,-,,19,-,-,V9,AA9
202,VCCIO2,2,-,-,-,,-,-,-,-,-
203,PB19B,2,-,Comp_OF_PB19A,-,,19,-,-,T9,AB9
204,PB19C,2,-,True_OF_PB19D,-,,19,-,-,-,T10
205,VCCIO2,2,-,-,-,,-,-,-,-,-
206,PB19D,2,-,Comp_OF_PB19C,-,,19,-,-,-,U10
207,PB21C,2,-,True_OF_PB21D,-,,19,-,-,-,Y9
208,VCCIO2,2,-,-,-,,-,-,-,-,-
209,PB21D,2,-,Comp_OF_PB21C,-,,19,-,-,-,Y10
210,PB21A,2,-,True_OF_PB21B,-,,19,-,M6,W8,V10
211,GND,-,-,-,-,,-,-,-,-,-
212,PB21B,2,-,Comp_OF_PB21A,-,,20,-,L8,Y8,W10
213,NC,-,-,-,-,,-,-,-,-,-
214,PB22A,2,PCLKT2_0,True_OF_PB22B,-,,20,23,T7,W9,AA10
215,GND,-,-,-,-,,-,-,-,-,-
216,PB22B,2,PCLKC2_0,Comp_OF_PB22A,-,,20,24,R8,Y9,AB10
217,PB22C,2,-,True_OF_PB22D,-,,20,-,-,P10,T11
218,VCCIO2,2,-,-,-,,-,-,-,-,-
219,PB22D,2,-,Comp_OF_PB22C,-,,20,-,-,R10,U11
220,PB24A,2,-,True_OF_PB24B,-,,20,-,P8,Y10,AA11
221,GND,-,-,-,-,,-,-,-,-,-
222,PB24B,2,-,Comp_OF_PB24A,-,,21,-,T8,W10,AB11
223,PB24C,2,-,True_OF_PB24D,-,,21,-,N8,U10,V11
224,NC,-,-,-,-,,-,-,-,-,-
225,VCC,-,-,-,-,,-,-,-,-,-
226,PB24D,2,-,Comp_OF_PB24C,-,,21,-,L9,V10,Y11
227,PB27C,2,-,True_OF_PB27D,-,,21,-,-,U11,U12
228,GND,-,-,-,-,,-,-,-,-,-
229,PB27D,2,-,Comp_OF_PB27C,-,,22,-,-,T10,V12
230,PB27A,2,-,True_OF_PB27B,-,,22,-,M8,Y11,Y12
231,VCCIO2,2,-,-,-,,-,-,-,-,-
232,PB27B,2,-,Comp_OF_PB27A,-,,22,-,N9,W11,T12
233,NC,-,-,-,-,,-,-,-,-,-
234,PB29A,2,PCLKT2_1,True_OF_PB29B,-,,22,26,T9,Y12,AB12
235,VCCIO2,2,-,-,-,,-,-,-,-,-
236,PB29B,2,PCLKC2_1,Comp_OF_PB29A,-,,22,27,P9,W12,AA12
237,PB29C,2,-,True_OF_PB29D,-,,22,-,-,P11,V13
238,VCC,-,-,-,-,,-,-,-,-,-
239,PB29D,2,-,Comp_OF_PB29C,-,,22,-,-,R11,U13
240,PB30A,2,-,True_OF_PB30B,-,,22,-,R9,Y13,AB13
241,VCC,-,-,-,-,,-,-,-,-,-
242,PB30B,2,-,Comp_OF_PB30A,-,,22,-,T10,W13,AA13
243,PB30C,2,-,True_OF_PB30D,-,,22,-,M9,V12,Y13
244,NC,-,-,-,-,,-,-,-,-,-
245,GND,-,-,-,-,,-,-,-,-,-
246,PB30D,2,-,Comp_OF_PB30C,-,,23,-,L10,V13,W13
247,PB32C,2,-,True_OF_PB32D,-,,23,-,-,U12,U14
248,VCCIO2,2,-,-,-,,-,-,-,-,-
249,PB32D,2,-,Comp_OF_PB32C,-,,23,-,-,T11,V14
250,PB32A,2,-,True_OF_PB32B,-,,23,28,N10,Y14,T13
251,NC,-,-,-,-,,-,-,-,-,-
252,VCCIO2,2,-,-,-,,-,-,-,-,-
253,PB32B,2,-,Comp_OF_PB32A,-,,23,-,M11,W14,T14
254,PB33A,2,-,True_OF_PB33B,-,,23,-,P10,Y15,AB14
255,VCC,-,-,-,-,,-,-,-,-,-
256,PB33B,2,-,Comp_OF_PB33A,-,,23,-,R10,W15,AA14
257,PB33C,2,-,True_OF_PB33D,-,,23,-,-,P12,Y14
258,GND,-,-,-,-,,-,-,-,-,-
259,PB33D,2,-,Comp_OF_PB33C,-,,24,-,-,R12,W14
260,PB35A,2,-,True_OF_PB35B,-,,24,30,T11,Y16,AB15
261,VCCIO2,2,-,-,-,,-,-,-,-,-
262,PB35B,2,-,Comp_OF_PB35A,-,,24,31,P11,W16,AA15
263,PB35C,2,-,True_OF_PB35D,-,,24,-,M10,T12,Y15
264,VCC,-,-,-,-,,-,-,-,-,-
265,PB35D,2,-,Comp_OF_PB35C,-,,24,-,N11,T13,W15
266,PB38A,2,-,True_OF_PB38B,-,,24,-,-,Y17,AB16
267,GND,-,-,-,-,,-,-,-,-,-
268,PB38B,2,-,Comp_OF_PB38A,-,,25,-,-,W17,AA16
269,PB38C,2,-,True_OF_PB38D,-,,25,-,-,P13,V15
270,GND,-,-,-,-,,-,-,-,-,-
271,PB38D,2,-,Comp_OF_PB38C,-,,25,-,-,R13,U15
272,PB40A,2,-,True_OF_PB40B,-,,25,-,-,-,AB17
273,VCCIO2,2,-,-,-,,-,-,-,-,-
274,PB40B,2,-,Comp_OF_PB40A,-,,25,-,-,-,AA17
275,PB40C,2,-,True_OF_PB40D,-,,25,-,-,-,Y17
276,GND,-,-,-,-,,-,-,-,-,-
277,PB40D,2,-,Comp_OF_PB40C,-,,25,-,-,-,V16
278,PB41C,2,-,True_OF_PB41D,-,,25,-,-,V15,Y18
279,GND,-,-,-,-,,-,-,-,-,-
280,PB41D,2,-,Comp_OF_PB41C,-,,26,-,-,V16,W17
281,PB41A,2,-,True_OF_PB41B,-,,26,33,R13,V14,AB18
282,VCCIO2,2,-,-,-,,-,-,-,-,-
283,PB41B,2,-,Comp_OF_PB41A,-,,26,34,T14,U14,AA18
284,PB43A,2,-,True_OF_PB43B,-,,26,-,R11,Y18,AB19
285,VCCIO2,2,-,-,-,,-,-,-,-,-
286,NC,-,-,-,-,,-,-,-,-,-
287,PB43B,2,-,Comp_OF_PB43A,-,,26,-,T12,W18,AA19
288,PB43C,2,-,True_OF_PB43D,-,,26,-,-,T14,T15
289,VCC,-,-,-,-,,-,-,-,-,-
290,PB43D,2,-,Comp_OF_PB43C,-,,26,-,-,U15,U16
291,PB44A,2,-,True_OF_PB44B,-,,26,-,P12,Y19,AB20
292,VCC,-,-,-,-,,-,-,-,-,-
293,PB44B,2,-,Comp_OF_PB44A,-,,26,-,T13,W19,AA20
294,PB44C,2,-,True_OF_PB44D,-,,26,-,-,P14,Y19
295,GND,-,-,-,-,,-,-,-,-,-
296,PB44D,2,-,Comp_OF_PB44C,-,,27,-,-,R14,W18
297,NC,-,-,-,-,,-,-,-,-,-
298,PB46A,2,SN,True_OF_PB46B,-,,27,35,R12,Y20,AB21
299,VCCIO2,2,-,-,-,,-,-,-,-,-
300,PB46B,2,SI/SISPI,Comp_OF_PB46A,-,,27,36,P13,W20,AA21
301,PB46C,2,-,True_OF_PB46D,-,,27,-,T15,T16,V17
302,NC,-,-,-,-,,-,-,-,-,-
303,GND,-,-,-,-,,-,-,-,-,-
304,PB46D,2,-,Comp_OF_PB46C,-,,27,-,R14,R15,T16
305,VCC,-,-,-,-,,-,-,-,-,-
306,PR30D,1,-,Comp_OF_PR30C,-,,27,-,R16,V17,Y20
307,GND,-,-,-,-,,-,-,-,-,-
308,PR30B,1,-,Comp_OF_PR30A,-,,28,-,-,T17,W20
309,PR30C,1,-,True_OF_PR30D,-,,28,-,P15,U17,W19
310,VCCIO1,1,-,-,-,,-,-,-,-,-
311,PR30A,1,-,True_OF_PR30B,-,,28,-,-,V19,V18
312,PR29D,1,-,Comp_OF_PR29C,-,,28,-,-,R16,V19
313,GND,-,-,-,-,,-,-,-,-,-
314,PR29B,1,-,Comp_OF_PR29A,-,,29,-,N14,U18,Y21
315,PR29C,1,-,True_OF_PR29D,-,,29,-,-,P15,U17
316,VCC,-,-,-,-,,-,-,-,-,-
317,PR29A,1,-,True_OF_PR29B,-,,29,-,N16,R17,AA22
318,PR28D,1,-,Comp_OF_PR28C,-,,29,-,P16,N14,U18
319,VCCIO1,1,-,-,-,,-,-,-,-,-
320,PR28B,1,-,Comp_OF_PR28A,-,,29,-,M15,P16,W21
321,PR28C,1,-,True_OF_PR28D,-,,29,-,N15,N15,U19
322,VCCIO1,1,-,-,-,,-,-,-,-,-
323,PR28A,1,-,True_OF_PR28B,-,,29,37,M14,V20,Y22
324,PR27D,1,-,Comp_OF_PR27C,-,,29,-,-,U19,U20
325,GND,-,-,-,-,,-,-,-,-,-
326,PR27B,1,-,Comp_OF_PR27A,-,,30,-,-,-,T18
327,PR27C,1,-,True_OF_PR27D,-,,30,-,-,T18,T17
328,VCC,-,-,-,-,,-,-,-,-,-
329,PR27A,1,-,True_OF_PR27B,-,,30,-,-,-,T19
330,PR26D,1,-,Comp_OF_PR26C,-,,30,-,-,-,T20
331,VCCIO1,1,-,-,-,,-,-,-,-,-
332,PR26B,1,-,Comp_OF_PR26A,-,,30,-,-,P17,R17
333,PR26C,1,-,True_OF_PR26D,-,,30,-,-,-,R16
334,GND,-,-,-,-,,-,-,-,-,-
335,PR26A,1,-,True_OF_PR26B,-,,31,-,-,U20,R18
336,PR25D,1,-,Comp_OF_PR25C,-,,31,-,L13,T19,R19
337,VCCIO1,1,-,-,-,,-,-,-,-,-
338,PR25B,1,-,Comp_OF_PR25A,-,,31,-,M16,R19,W22
339,PR25C,1,-,True_OF_PR25D,-,,31,-,K11,T20,R20
340,GND,-,-,-,-,,-,-,-,-,-
341,PR25A,1,-,True_OF_PR25B,-,,32,-,L15,N16,V22
342,PR24D,1,-,Comp_OF_PR24C,-,,32,-,K12,M14,U21
343,VCC,-,-,-,-,,-,-,-,-,-
344,PR24B,1,-,Comp_OF_PR24A,-,,32,-,-,R20,P16
345,PR24C,1,-,True_OF_PR24D,-,,32,-,K13,M15,U22
346,VCCIO1,1,-,-,-,,-,-,-,-,-
347,PR24A,1,-,True_OF_PR24B,-,,32,-,-,P18,P17
348,PR21D,1,-,Comp_OF_PR21C,-,,32,-,-,P19,P18
349,GND,-,-,-,-,,-,-,-,-,-
350,PR21B,1,-,Comp_OF_PR21A,-,,33,38,L14,N17,T21
351,PR21C,1,-,True_OF_PR21D,-,,33,-,-,P20,P19
352,VCC,-,-,-,-,,-,-,-,-,-
353,PR21A,1,-,True_OF_PR21B,-,,33,40,L16,N18,T22
354,PR20D,1,-,Comp_OF_PR20C,-,,33,-,L12,N19,P20
355,VCC,-,-,-,-,,-,-,-,-,-
356,PR20B,1,-,Comp_OF_PR20A,-,,33,-,K15,N20,R21
357,PR20C,1,-,True_OF_PR20D,-,,33,-,J11,M16,P22
358,VCCIO1,1,-,-,-,,-,-,-,-,-
359,PR20A,1,-,True_OF_PR20B,-,,33,-,K14,M17,R22
360,PR19D,1,-,Comp_OF_PR19C,-,,33,-,J13,M18,N19
361,VCCIO1,1,-,-,-,,-,-,-,-,-
362,PR19B,1,-,Comp_OF_PR19A,-,,33,-,K16,M19,P21
363,PR19C,1,-,True_OF_PR19D,-,,33,-,H11,L16,N20
364,GND,-,-,-,-,,-,-,-,-,-
365,PR19A,1,-,True_OF_PR19B,-,,34,-,J15,M20,N22
366,PR18D,1,-,Comp_OF_PR18C,-,,34,-,-,L15,N18
367,VCC,-,-,-,-,,-,-,-,-,-
368,PR18B,1,-,Comp_OF_PR18A,-,,34,-,J14,L20,N16
369,PR18C,1,-,True_OF_PR18D,-,,34,-,-,L14,N17
370,VCCIO1,1,-,-,-,,-,-,-,-,-
371,PR18A,1,-,True_OF_PR18B,-,,34,-,J16,L19,M16
372,PR17D,1,-,Comp_OF_PR17C,-,,34,-,-,L17,M19
373,GND,-,-,-,-,,-,-,-,-,-
374,PR17B,1,PCLKC1_0,Comp_OF_PR17A,-,,35,41,H16,K20,M21
375,PR17C,1,-,True_OF_PR17D,-,,35,-,-,K16,M20
376,NC,-,-,-,-,,-,-,-,-,-
377,PR17A,1,PCLKT1_0,True_OF_PR17B,-,,35,43,H14,K19,M22
378,NC,-,-,-,-,,-,-,-,-,-
379,PR16D,1,-,Comp_OF_PR16C,-,,35,-,J12,K18,M17
380,VCCIO1,1,-,-,-,,-,-,-,-,-
381,PR16B,1,-,Comp_OF_PR16A,-,,35,-,H15,J20,L21
382,PR16C,1,-,True_OF_PR16D,-,,35,-,H13,K17,L22
383,VCC,-,-,-,-,,-,-,-,-,-
384,PR16A,1,-,True_OF_PR16B,-,,35,-,G16,J19,K22
385,PR14D,1,-,Comp_OF_PR14C,-,,35,-,H12,K15,L20
386,NC,-,-,-,-,,-,-,-,-,-
387,PR14B,1,-,Comp_OF_PR14A,-,,35,-,-,J16,L16
388,PR14C,1,-,True_OF_PR14D,-,,35,-,G11,K14,L19
389,GND,-,-,-,-,,-,-,-,-,-
390,PR14A,1,-,True_OF_PR14B,-,,36,-,-,J18,L17
391,PR13D,1,-,Comp_OF_PR13C,-,,36,-,-,-,K16
392,VCCIO1,1,-,-,-,,-,-,-,-,-
393,PR13B,1,-,Comp_OF_PR13A,-,,36,-,-,-,K18
394,PR13C,1,-,True_OF_PR13D,-,,36,-,-,-,K17
395,GND,-,-,-,-,,-,-,-,-,-
396,PR13A,1,-,True_OF_PR13B,-,,36,-,-,-,K19
397,PR12D,1,-,Comp_OF_PR12C,-,,36,-,-,H20,K20
398,GND,-,-,-,-,,-,-,-,-,-
399,PR12B,1,-,Comp_OF_PR12A,-,,36,44,G14,H19,J22
400,PR12C,1,-,True_OF_PR12D,-,,36,-,-,J17,J20
401,VCCIO1,1,-,-,-,,-,-,-,-,-
402,PR12A,1,-,True_OF_PR12B,-,,36,45,G15,H18,J21
403,PR11D,1,-,Comp_OF_PR11C,-,,36,-,-,G20,J19
404,VCCIO1,1,-,-,-,,-,-,-,-,-
405,PR11B,1,-,Comp_OF_PR11A,-,,36,-,-,H17,J17
406,PR11C,1,-,True_OF_PR11D,-,,36,-,-,H16,J18
407,GND,-,-,-,-,,-,-,-,-,-
408,PR11A,1,-,True_OF_PR11B,-,,37,-,-,G19,J16
409,PR10D,1,-,Comp_OF_PR10C,-,,37,-,G13,J15,H16
410,VCC,-,-,-,-,,-,-,-,-,-
411,PR10B,1,-,Comp_OF_PR10A,-,,37,-,-,-,H18
412,PR10C,1,-,True_OF_PR10D,-,,37,-,F12,J14,H17
413,VCC,-,-,-,-,,-,-,-,-,-
414,PR10A,1,-,True_OF_PR10B,-,,37,-,-,-,H19
415,PR7D,1,-,Comp_OF_PR7C,-,,37,-,-,-,H20
416,GND,-,-,-,-,,-,-,-,-,-
417,PR7B,1,-,Comp_OF_PR7A,-,,38,-,F16,F20,H21
418,PR7C,1,-,True_OF_PR7D,-,,38,-,-,-,G17
419,VCCIO1,1,-,-,-,,-,-,-,-,-
420,PR7A,1,-,True_OF_PR7B,-,,38,-,F14,F19,H22
421,PR6D,1,-,Comp_OF_PR6C,-,,38,-,G12,E20,G18
422,VCCIO1,1,-,-,-,,-,-,-,-,-
423,PR6B,1,-,Comp_OF_PR6A,-,,38,-,-,F18,G20
424,PR6C,1,-,True_OF_PR6D,-,,38,-,F13,G17,G19
425,VCC,-,-,-,-,,-,-,-,-,-
426,PR6A,1,-,True_OF_PR6B,-,,38,-,-,G16,G21
427,PR5D,1,-,Comp_OF_PR5C,-,,38,-,-,E19,F19
428,VCC,-,-,-,-,,-,-,-,-,-
429,PR5B,1,-,Comp_OF_PR5A,-,,38,-,F15,F17,G22
430,PR5C,1,-,True_OF_PR5D,-,,38,-,-,D20,F18
431,GND,-,-,-,-,,-,-,-,-,-
432,PR5A,1,-,True_OF_PR5B,-,,38,47,E16,D19,F22
433,PR4D,1,-,Comp_OF_PR4C,-,,38,-,D15,H15,E20
434,GND,-,-,-,-,,-,-,-,-,-
435,PR4B,1,-,Comp_OF_PR4A,-,,39,-,-,C20,E21
436,PR4C,1,-,True_OF_PR4D,-,,39,-,C16,H14,E19
437,VCCIO1,1,-,-,-,,-,-,-,-,-
438,PR4A,1,-,True_OF_PR4B,-,,39,-,-,B20,E22
439,PR3D,1,-,Comp_OF_PR3C,-,,39,-,-,D18,D20
440,VCC,-,-,-,-,,-,-,-,-,-
441,PR3B,1,R_GPLLC_IN,Comp_OF_PR3A,-,,39,49,E14,E17,D21
442,PR3C,1,-,True_OF_PR3D,-,,39,-,-,F16,D19
443,GND,-,-,-,-,,-,-,-,-,-
444,PR3A,1,R_GPLLT_IN,True_OF_PR3B,-,,40,50,D16,C19,D22
445,PR2D,1,-,Comp_OF_PR2C,-,,40,-,B16,G15,G16
446,VCCIO1,1,-,-,-,,-,-,-,-,-
447,PR2B,1,R_GPLLC_FB,Comp_OF_PR2A,-,,40,52,E15,C18,C22
448,PR2C,1,-,True_OF_PR2D,-,,40,51,C15,F15,F17
449,GND,-,-,-,-,,-,-,-,-,-
450,PR2A,1,R_GPLLT_FB,True_OF_PR2B,-,,41,53,D14,D17,C21
451,NC,-,-,-,-,,-,-,-,-,-
452,VCC,-,-,-,-,,-,-,-,-,-
453,PT44B,0,-,Comp_OF_PT44A,TRUE,,41,-,A15,A20,B22
454,GND,-,-,-,-,,-,-,-,-,-
455,NC,-,-,-,-,,-,-,-,-,-
456,PT44D,0,DONE,Comp_OF_PT44C,-,,42,54,C13,A19,E17
457,PT44A,0,-,True_OF_PT44B,TRUE,,42,-,B14,B19,A21
458,VCCIO0,0,-,-,-,,-,-,-,-,-
459,PT44C,0,INITN,True_OF_PT44D,-,,42,55,A13,C17,F16
460,PT43D,0,-,Comp_OF_PT43C,-,,42,-,-,F14,C20
461,GND,-,-,-,-,,-,-,-,-,-
462,NC,-,-,-,-,,-,-,-,-,-
463,PT43B,0,-,Comp_OF_PT43A,TRUE,,43,-,B12,D16,B21
464,PT43C,0,-,True_OF_PT43D,-,,43,-,-,G14,C19
465,VCC,-,-,-,-,,-,-,-,-,-
466,PT43A,0,-,True_OF_PT43B,TRUE,,43,-,C12,E15,A20
467,PT42B,0,-,Comp_OF_PT42A,TRUE,,43,-,A14,B18,B20
468,VCC,-,-,-,-,,-,-,-,-,-
469,NC,-,-,-,-,,-,-,-,-,-
470,PT42D,0,-,Comp_OF_PT42C,-,,43,-,-,D15,G15
471,PT42A,0,-,True_OF_PT42B,TRUE,,43,-,B13,A18,A19
472,VCCIO0,0,-,-,-,,-,-,-,-,-
473,PT42C,0,-,True_OF_PT42D,-,,43,-,-,E14,F15
474,PT41D,0,-,Comp_OF_PT41C,-,,43,-,-,F13,D18
475,GND,-,-,-,-,,-,-,-,-,-
476,PT41B,0,-,Comp_OF_PT41A,TRUE,,43,-,A12,C16,B19
477,PT41C,0,-,True_OF_PT41D,-,,43,-,-,G13,C18
478,GND,-,-,-,-,,-,-,-,-,-
479,PT41A,0,-,True_OF_PT41B,TRUE,,44,-,B11,C15,A18
480,PT40D,0,-,Comp_OF_PT40C,-,,44,-,-,-,D17
481,VCCIO0,0,-,-,-,,-,-,-,-,-
482,PT40B,0,-,Comp_OF_PT40A,TRUE,,44,-,-,-,B18
483,PT40C,0,-,True_OF_PT40D,-,,44,-,-,-,E16
484,NC,-,-,-,-,,-,-,-,-,-
485,GND,-,-,-,-,,-,-,-,-,-
486,PT40A,0,-,True_OF_PT40B,TRUE,,45,-,-,-,A17
487,PT39B,0,-,Comp_OF_PT39A,TRUE,,45,56,D11,B17,B17
488,VCC,-,-,-,-,,-,-,-,-,-
489,PT39D,0,-,Comp_OF_PT39C,-,,45,-,-,D14,D16
490,PT39A,0,-,True_OF_PT39B,TRUE,,45,57,F10,A17,A16
491,NC,-,-,-,-,,-,-,-,-,-
492,VCCIO0,0,-,-,-,,-,-,-,-,-
493,PT39C,0,-,True_OF_PT39D,-,,45,-,-,C14,C17
494,PT38D,0,-,Comp_OF_PT38C,-,,45,-,-,F12,D15
495,GND,-,-,-,-,,-,-,-,-,-
496,PT38B,0,-,Comp_OF_PT38A,TRUE,,46,58,C11,B16,B15
497,PT38C,0,-,True_OF_PT38D,-,,46,-,-,G12,C15
498,VCCIO0,0,-,-,-,,-,-,-,-,-
499,PT38A,0,-,True_OF_PT38B,TRUE,,46,59,A11,A16,A15
500,PT31B,0,-,Comp_OF_PT31A,TRUE,,46,-,E10,B15,F14
501,GND,-,-,-,-,,-,-,-,-,-
502,NC,-,-,-,-,,-,-,-,-,-
503,PT31D,0,PROGRAMN,Comp_OF_PT31C,-,,46,61,B10,D13,E15
504,PT31A,0,-,True_OF_PT31B,TRUE,,46,-,D10,A15,G14
505,VCC,-,-,-,-,,-,-,-,-,-
506,PT31C,0,JTAGENB,True_OF_PT31D,-,,46,62,C10,C13,E14
507,NC,-,-,-,-,,-,-,-,-,-
508,PT30D,0,-,Comp_OF_PT30C,-,,46,-,-,-,D14
509,VCC,-,-,-,-,,-,-,-,-,-
510,PT30B,0,-,Comp_OF_PT30A,TRUE,,46,-,-,C12,B14
511,PT30C,0,-,True_OF_PT30D,-,,46,-,-,-,C14
512,GND,-,-,-,-,,-,-,-,-,-
513,PT30A,0,-,True_OF_PT30B,TRUE,,47,-,-,D12,A14
514,PT29B,0,-,Comp_OF_PT29A,TRUE,,47,-,E11,B14,B13
515,VCCIO0,0,-,-,-,,-,-,-,-,-
516,PT29D,0,-,Comp_OF_PT29C,-,,47,-,-,-,D13
517,PT29A,0,-,True_OF_PT29B,TRUE,,47,-,F9,A14,A13
518,VCCIO0,0,-,-,-,,-,-,-,-,-
519,PT29C,0,-,True_OF_PT29D,-,,47,-,-,-,C13
520,PT28D,0,-,Comp_OF_PT28C,-,,47,-,-,F11,F13
521,GND,-,-,-,-,,-,-,-,-,-
522,NC,-,-,-,-,,-,-,-,-,-
523,PT28B,0,-,Comp_OF_PT28A,TRUE,,48,63,A10,B13,F12
524,PT28C,0,-,True_OF_PT28D,-,,48,-,-,G11,E13
525,VCCIO0,0,-,-,-,,-,-,-,-,-
526,PT28A,0,-,True_OF_PT28B,TRUE,,48,65,B9,A13,G12
527,PT27B,0,-,Comp_OF_PT27A,TRUE,,48,-,D9,B12,E12
528,GND,-,-,-,-,,-,-,-,-,-
529,NC,-,-,-,-,,-,-,-,-,-
530,PT27D,0,SDA/PCLKC0_0,Comp_OF_PT27C,-,,49,66,C9,D11,A12
531,PT27A,0,-,True_OF_PT27B,TRUE,,49,-,F8,A12,D12
532,VCC,-,-,-,-,,-,-,-,-,-
533,PT27C,0,SCL/PCLKT0_0,True_OF_PT27D,-,,49,67,A9,C11,B12
534,NC,-,-,-,-,,-,-,-,-,-
535,PT24B,0,-,Comp_OF_PT24A,TRUE,,49,-,E9,A11,A11
536,GND,-,-,-,-,,-,-,-,-,-
537,NC,-,-,-,-,,-,-,-,-,-
538,PT24D,0,-,Comp_OF_PT24C,-,,50,-,-,C10,D11
539,PT24A,0,-,True_OF_PT24B,TRUE,,50,-,D8,B11,B11
540,VCCIO0,0,-,-,-,,-,-,-,-,-
541,PT24C,0,-,True_OF_PT24D,-,,50,-,-,D10,E11
542,PT23D,0,-,Comp_OF_PT23C,-,,50,-,-,F10,F11
543,VCC,-,-,-,-,,-,-,-,-,-
544,NC,-,-,-,-,,-,-,-,-,-
545,PT23B,0,PCLKC0_1,Comp_OF_PT23A,TRUE,,50,68,A8,A10,A10
546,PT23C,0,-,True_OF_PT23D,-,,50,-,-,G10,G11
547,GND,-,-,-,-,,-,-,-,-,-
548,PT23A,0,PCLKT0_1,True_OF_PT23B,TRUE,,51,69,C8,B10,B10
549,PT22B,0,-,Comp_OF_PT22A,TRUE,,51,-,E8,A9,E10
550,VCCP,-,-,-,-,,-,-,-,-,-
551,NC,-,-,-,-,,-,-,-,-,-
552,PT22D,0,TMS,Comp_OF_PT22C,-,,51,70,B8,D9,C10
553,PT22A,0,-,True_OF_PT22B,TRUE,,51,-,F7,B9,F10
554,VCCIO0,0,-,-,-,,-,-,-,-,-
555,PT22C,0,TCK,True_OF_PT22D,-,,51,71,A7,C9,D10
556,NC,-,-,-,-,,-,-,-,-,-
557,PT21B,0,-,Comp_OF_PT21A,TRUE,,51,-,D7,A8,A9
558,VCC,-,-,-,-,,-,-,-,-,-
559,PT21D,0,-,Comp_OF_PT21C,-,,51,-,-,C8,G9
560,PT21A,0,-,True_OF_PT21B,TRUE,,51,-,E6,B8,B9
561,GND,-,-,-,-,,-,-,-,-,-
562,NC,-,-,-,-,,-,-,-,-,-
563,PT21C,0,-,True_OF_PT21D,-,,52,-,-,D8,F9
564,PT20D,0,-,Comp_OF_PT20C,-,,52,-,-,F9,D9
565,VCCIO0,0,-,-,-,,-,-,-,-,-
566,PT20B,0,-,Comp_OF_PT20A,TRUE,,52,-,C7,A7,A8
567,PT20C,0,-,True_OF_PT20D,-,,52,-,-,G9,C9
568,VCC,-,-,-,-,,-,-,-,-,-
569,PT20A,0,-,True_OF_PT20B,TRUE,,52,-,B7,B7,B8
570,PT15B,0,-,Comp_OF_PT15A,TRUE,,52,-,E7,A6,D8
571,GND,-,-,-,-,,-,-,-,-,-
572,NC,-,-,-,-,,-,-,-,-,-
573,PT15D,0,TDI,Comp_OF_PT15C,-,,53,1,A6,C7,E9
574,PT15A,0,-,True_OF_PT15B,TRUE,,53,-,D6,B6,C8
575,VCCIO0,0,-,-,-,,-,-,-,-,-
576,PT15C,0,TDO,True_OF_PT15D,-,,53,2,C6,E8,E8
577,NC,-,-,-,-,,-,-,-,-,-
578,PT14D,0,-,Comp_OF_PT14C,-,,53,-,-,F8,D7
579,VCC,-,-,-,-,,-,-,-,-,-
580,PT14B,0,-,Comp_OF_PT14A,TRUE,,53,-,-,A5,A7
581,PT14C,0,-,True_OF_PT14D,-,,53,-,-,G8,C6
582,GND,-,-,-,-,,-,-,-,-,-
583,PT14A,0,-,True_OF_PT14B,TRUE,,54,-,-,B5,B6
584,PT13D,0,-,Comp_OF_PT13C,-,,54,-,-,-,E7
585,VCCIO0,0,-,-,-,,-,-,-,-,-
586,PT13B,0,-,Comp_OF_PT13A,TRUE,,54,-,-,-,A6
587,PT13C,0,-,True_OF_PT13D,-,,54,-,-,-,D6
588,GND,-,-,-,-,,-,-,-,-,-
589,NC,-,-,-,-,,-,-,-,-,-
590,PT13A,0,-,True_OF_PT13B,TRUE,,54,-,-,-,B5
591,PT12B,0,-,Comp_OF_PT12A,TRUE,,54,-,B4,A4,A5
592,GND,-,-,-,-,,-,-,-,-,-
593,PT12D,0,-,Comp_OF_PT12C,-,,55,-,-,D7,C5
594,PT12A,0,-,True_OF_PT12B,TRUE,,55,-,A3,B4,B4
595,VCCIO0,0,-,-,-,,-,-,-,-,-
596,NC,-,-,-,-,,-,-,-,-,-
597,PT12C,0,-,True_OF_PT12D,-,,55,-,-,C6,D5
598,PT11D,0,-,Comp_OF_PT11C,-,,55,-,-,E7,G8
599,VCCIO0,0,-,-,-,,-,-,-,-,-
600,PT11B,0,-,Comp_OF_PT11A,TRUE,,55,4,B6,A3,A4
601,PT11C,0,-,True_OF_PT11D,-,,55,-,-,D6,F8
602,VCC,-,-,-,-,,-,-,-,-,-
603,NC,-,-,-,-,,-,-,-,-,-
604,PT11A,0,-,True_OF_PT11B,TRUE,,55,3,A5,B3,B3
605,PT10D,0,-,Comp_OF_PT10C,-,,55,-,-,D5,C4
606,GND,-,-,-,-,,-,-,-,-,-
607,PT10B,0,-,Comp_OF_PT10A,TRUE,,56,-,C5,A2,A3
608,PT10C,0,-,True_OF_PT10D,-,,56,-,-,E6,C3
609,NC,-,-,-,-,,-,-,-,-,-
610,VCCP,-,-,-,-,,-,-,-,-,-
611,PT10A,0,-,True_OF_PT10B,TRUE,,56,-,A4,B2,B2
612,PT9D,0,-,Comp_OF_PT9C,-,,56,-,-,F7,F7
613,VCCIO0,0,-,-,-,,-,-,-,-,-
614,NC,-,-,-,-,,-,-,-,-,-
615,PT9B,0,-,Comp_OF_PT9A,TRUE,,56,-,B5,A1,A2
616,PT9C,0,-,True_OF_PT9D,-,,56,-,B3,G7,E6
617,GND,-,-,-,-,,-,-,-,-,-
618,PT9A,0,-,True_OF_PT9B,TRUE,,0,-,C4,B1,B1
619,VCC,-,-,-,-,,-,-,-,-,-
0,NC,-,-,-,-,,-,-,-,-,-
0,GND,-,-,-,-,,-,73,R15,E18,A22
0,GND,-,-,-,-,,-,-,R2,G18,AB22
0,GND,-,-,-,-,,-,-,P14,L18,F21
0,GND,-,-,-,-,,-,-,P3,R18,K21
0,GND,-,-,-,-,,-,-,N13,V18,N21
0,GND,-,-,-,-,,-,-,N4,E16,V21
0,GND,-,-,-,-,,-,-,M12,U16,E18
0,GND,-,-,-,-,,-,-,M5,T15,L18
0,GND,-,-,-,-,,-,-,L11,E13,B16
0,GND,-,-,-,-,,-,-,L6,U13,Y16
0,GND,-,-,-,-,,-,-,J9,E12,H15
0,GND,-,-,-,-,,-,-,J8,E11,R15
0,GND,-,-,-,-,,-,-,H9,K11,J14
0,GND,-,-,-,-,,-,-,H8,L11,K14
0,GND,-,-,-,-,,-,-,F11,M11,L14
0,GND,-,-,-,-,,-,-,F6,V11,M14
0,GND,-,-,-,-,,-,-,E12,E10,N14
0,GND,-,-,-,-,,-,-,E5,K10,P14
0,GND,-,-,-,-,,-,-,D13,L10,H13
0,GND,-,-,-,-,,-,-,D4,E9,J13
0,GND,-,-,-,-,,-,-,C14,L8,L13
0,GND,-,-,-,-,,-,-,C3,U8,M13
0,GND,-,-,-,-,,-,-,B15,N7,P13
0,GND,-,-,-,-,,-,-,B2,U7,J12
0,GND,-,-,-,-,,-,-,-,V7,P12
0,GND,-,-,-,-,,-,-,-,C5,W12
0,GND,-,-,-,-,,-,-,-,E5,C11
0,GND,-,-,-,-,,-,-,-,H5,J11
0,GND,-,-,-,-,,-,-,-,V5,P11
0,GND,-,-,-,-,,-,-,-,D4,H10
0,GND,-,-,-,-,,-,-,-,D3,J10
0,GND,-,-,-,-,,-,-,-,K3,L10
0,GND,-,-,-,-,,-,-,-,U3,M10
0,GND,-,-,-,-,,-,-,-,-,P10
0,GND,-,-,-,-,,-,-,-,-,J9
0,GND,-,-,-,-,,-,-,-,-,K9
0,GND,-,-,-,-,,-,-,-,-,L9
0,GND,-,-,-,-,,-,-,-,-,M9
0,GND,-,-,-,-,,-,-,-,-,N9
0,GND,-,-,-,-,,-,-,-,-,P9
0,GND,-,-,-,-,,-,-,-,-,H8
0,GND,-,-,-,-,,-,-,-,-,R8
0,GND,-,-,-,-,,-,-,-,-,B7
0,GND,-,-,-,-,,-,-,-,-,Y7
0,GND,-,-,-,-,,-,-,-,-,E5
0,GND,-,-,-,-,,-,-,-,-,M4
0,GND,-,-,-,-,,-,-,-,-,C2
0,GND,-,-,-,-,,-,-,-,-,F2
0,GND,-,-,-,-,,-,-,-,-,L2
0,GND,-,-,-,-,,-,-,-,-,V2
0,GND,-,-,-,-,,-,-,-,-,A1
0,GND,-,-,-,-,,-,-,-,-,AB1
0,GND,-,-,-,-,,-,-,-,-,-
0,GND,-,-,-,-,,-,-,-,-,-
0,VCC,-,-,-,-,,-,5,T16,H13,K13
0,VCC,-,-,-,-,,-,29,T1,H12,N13
0,VCC,-,-,-,-,,-,46,K10,K12,K12
0,VCC,-,-,-,-,,-,-,K7,L12,L12
0,VCC,-,-,-,-,,-,-,G10,M12,M12
0,VCC,-,-,-,-,,-,-,G7,J11,N12
0,VCC,-,-,-,-,,-,-,A16,J10,K11
0,VCC,-,-,-,-,,-,-,A1,M10,L11
0,VCC,-,-,-,-,,-,-,-,J9,M11
0,VCC,-,-,-,-,,-,-,-,L9,N11
0,VCC,-,-,-,-,,-,-,-,-,K10
0,VCC,-,-,-,-,,-,-,-,-,N10
0,VCC,-,-,-,-,,-,-,-,-,-
0,VCC,-,-,-,-,,-,-,-,-,-
0,VCCIO0,0,-,-,-,,-,60,G8,J12,C16
0,VCCIO0,0,-,-,-,,-,64,D12,H11,H14
0,VCCIO0,0,-,-,-,,-,72,D5,H10,G13
0,VCCIO0,0,-,-,-,,-,-,G9,H9,C12
0,VCCIO0,0,-,-,-,,-,-,-,H8,H12
0,VCCIO0,0,-,-,-,,-,-,-,-,H11
0,VCCIO0,0,-,-,-,,-,-,-,-,G10
0,VCCIO0,0,-,-,-,,-,-,-,-,H9
0,VCCIO0,0,-,-,-,,-,-,-,-,C7
0,VCCIO0,0,-,-,-,,-,-,-,-,-
0,VCCIO0,0,-,-,-,,-,-,-,-,-
0,VCCIO0,0,-,-,-,,-,-,-,-,-
0,VCCIO1,1,-,-,-,,-,39,M13,J13,F20
0,VCCIO1,1,-,-,-,,-,42,J10,K13,V20
0,VCCIO1,1,-,-,-,,-,48,H10,L13,M18
0,VCCIO1,1,-,-,-,,-,-,E13,M13,J15
0,VCCIO1,1,-,-,-,,-,-,-,N13,K15
0,VCCIO1,1,-,-,-,,-,-,-,-,L15
0,VCCIO1,1,-,-,-,,-,-,-,-,M15
0,VCCIO1,1,-,-,-,,-,-,-,-,N15
0,VCCIO1,1,-,-,-,,-,-,-,-,P15
0,VCCIO1,1,-,-,-,,-,-,-,-,-
0,VCCIO1,1,-,-,-,,-,-,-,-,-
0,VCCIO1,1,-,-,-,,-,-,-,-,-
0,VCCIO2,2,-,-,-,,-,18,N12,N12,W16
0,VCCIO2,2,-,-,-,,-,25,N5,N11,R14
0,VCCIO2,2,-,-,-,,-,32,K9,N10,R13
0,VCCIO2,2,-,-,-,,-,-,K8,N9,R12
0,VCCIO2,2,-,-,-,,-,-,-,N8,R11
0,VCCIO2,2,-,-,-,,-,-,-,-,W11
0,VCCIO2,2,-,-,-,,-,-,-,-,R10
0,VCCIO2,2,-,-,-,,-,-,-,-,R9
0,VCCIO2,2,-,-,-,,-,-,-,-,W7
0,VCCIO2,2,-,-,-,,-,-,-,-,-
0,VCCIO2,2,-,-,-,,-,-,-,-,-
0,VCCIO2,2,-,-,-,,-,-,-,-,-
0,VCCIO3,3,-,-,-,,-,15,M4,M9,N8
0,VCCIO3,3,-,-,-,,-,-,-,M8,P8
0,VCCIO3,3,-,-,-,,-,-,-,-,V3
0,VCCIO3,3,-,-,-,,-,-,-,-,-
0,VCCIO4,4,-,-,-,,-,-,J7,K9,L8
0,VCCIO4,4,-,-,-,,-,-,H7,K8,M8
0,VCCIO4,4,-,-,-,,-,-,-,-,M3
0,VCCIO4,4,-,-,-,,-,-,-,-,-
0,VCCIO4,4,-,-,-,,-,-,-,-,-
0,VCCIO5,5,-,-,-,,-,-,E4,J8,J8
0,VCCIO5,5,-,-,-,,-,-,-,J7,K8
0,VCCIO5,5,-,-,-,,-,-,-,-,F3
0,VCCIO5,5,-,-,-,,-,-,-,-,-
0,NC,0,-,-,-,,-,-,A2,-,-
0,NC,0,-,-,-,,-,-,-,-,-
0,NC,0,-,-,-,,-,-,-,-,-
0,NC,0,-,-,-,,-,-,-,-,-
0,NC,0,-,-,-,,-,-,-,-,-
